<?xml version="1.0" encoding="UTF-8"?>
<!DOCTYPE suite SYSTEM "http://testng.org/testng-1.0.dtd">
<suite name="Suite">
  <test thread-count="5" name="Test">
    <classes>
    <class name="login.LoginTest"/>
    <class name="home.HomePageTest"/>
      <class name="request.LeaveRequestTest"/>
      <class name="login.LoginTest2"/>
         <class name="managerApprovals.ManagerApprovalTest"/>
      <class name="login.LoginTest3"/>
        <class name="hrConfirmation.HRConfirmationTest"/>
        <class name="reject.ManagerRejectTest"/>
        <class name="renegotiate.ManagerRenegTest"/>
   
    </classes>
  </test> <!-- Test -->
</suite> <!-- Suite -->
